{"cameraMode":{"drawMode":0,"name":"Shaded","section":"Shading Mode"},"sceneLighting":false,"audioPlay":false,"sceneViewState":{"showFog":true,"showMaterialUpdate":false,"showSkybox":false,"showFlares":true,"showImageEffects":true,"showParticleSystems":true},"in2DMode":false,"pivot":{"x":1.3612583875656129,"y":4.450322151184082,"z":5.474993705749512},"rotation":{"x":-0.06622771918773651,"y":-0.03232556954026222,"z":0.002149557461962104,"w":-0.9973045587539673},"size":9.321170806884766,"orthographic":false}