{"cameraMode":{"drawMode":0,"name":"Shaded","section":"Shading Mode"},"sceneLighting":false,"audioPlay":false,"sceneViewState":{"showFog":true,"showMaterialUpdate":false,"showSkybox":false,"showFlares":true,"showImageEffects":true,"showParticleSystems":true},"in2DMode":false,"pivot":{"x":-2.759999990463257,"y":5.434000015258789,"z":0.5600000023841858},"rotation":{"x":-0.11216548830270767,"y":-0.0842609629034996,"z":0.009550010785460472,"w":-0.9900696873664856},"size":1.1489125490188599,"orthographic":false}