{"cameraMode":{"drawMode":0,"name":"Shaded","section":"Shading Mode"},"sceneLighting":false,"audioPlay":false,"sceneViewState":{"showFog":true,"showMaterialUpdate":false,"showSkybox":false,"showFlares":true,"showImageEffects":true,"showParticleSystems":true},"in2DMode":false,"pivot":{"x":1.540000081062317,"y":5.610000133514404,"z":-6.556510925292969e-7},"rotation":{"x":-0.11216548830270767,"y":-0.0842609629034996,"z":0.009550010785460472,"w":-0.9900696873664856},"size":1.1728006601333619,"orthographic":false}